{"cameraMode":{"drawMode":0,"name":"Shaded","section":"Shading Mode"},"sceneLighting":true,"audioPlay":false,"sceneViewState":{"m_AlwaysRefresh":false,"showFog":true,"showSkybox":true,"showFlares":true,"showImageEffects":true,"showParticleSystems":true,"showVisualEffectGraphs":true,"m_FxEnabled":true},"in2DMode":false,"pivot":{"x":-2.0538535118103029,"y":14.985544204711914,"z":-0.3018035888671875},"rotation":{"x":-0.03179334104061127,"y":0.026081131771206857,"z":-0.0008298095781356096,"w":-0.9991547465324402},"size":18.887758255004884,"orthographic":false}