{"cameraMode":{"drawMode":0,"name":"Shaded","section":"Shading Mode"},"sceneLighting":true,"audioPlay":false,"sceneViewState":{"m_AlwaysRefresh":false,"showFog":true,"showSkybox":true,"showFlares":true,"showImageEffects":true,"showParticleSystems":true,"showVisualEffectGraphs":true,"m_FxEnabled":true},"in2DMode":false,"pivot":{"x":2.4935147762298586,"y":6.035847187042236,"z":-8.367558479309082},"rotation":{"x":0.17520038783550263,"y":-0.05608520284295082,"z":0.009996398352086544,"w":0.9828858971595764},"size":4.196196556091309,"orthographic":false}